text,label
"–û–ø—ã—Ç –∞–∫–∫—É—Ä–∞—Ç–Ω—ã–π, –æ—Å—Ç–∞–ª–∏—Å—å —Ç–æ–ª—å–∫–æ —Ö–æ—Ä–æ—à–∏–µ –≤–ø–µ—á–∞—Ç–ª–µ–Ω–∏—è",1
"–†–µ—Å—Ç–æ—Ä–∞–Ω –≥—Ä—è–∑–Ω—ã–π, —Ä–∞–∑–æ—á–∞—Ä–æ–≤–∞–Ω–∞ –≤–∏–∑–∏—Ç–æ–º",0
"–ö–Ω–∏–≥–∞ –Ω–∞–¥–µ–∂–Ω—ã–π, —Ä–µ–∫–æ–º–µ–Ω–¥—É—é –¥—Ä—É–∑—å—è–º",1
"–¢–æ–≤–∞—Ä –∑–∞–º–µ—á–∞—Ç–µ–ª—å–Ω—ã–π, –ø–æ–ª–Ω–æ—Å—Ç—å—é —Å–æ–æ—Ç–≤–µ—Ç—Å—Ç–≤—É–µ—Ç –æ–ø–∏—Å–∞–Ω–∏—é",1
"–î–æ—Å—Ç–∞–≤–∫–∞ –≥—Ä—è–∑–Ω—ã–π, –∫—É—Ä—å–µ—Ä –æ–ø–æ–∑–¥–∞–ª",0
"–†–µ—Å—Ç–æ—Ä–∞–Ω –≥—Ä—É–±—ã–π, —Ä–∞–∑–æ—á–∞—Ä–æ–≤–∞–Ω–∞ –≤–∏–∑–∏—Ç–æ–º",0
"–§–∏–ª—å–º –Ω–∞–¥–µ–∂–Ω—ã–π –∏ –∫–∞—á–µ—Å—Ç–≤–µ–Ω–Ω—ã–π, —è –≤ –≤–æ—Å—Ç–æ—Ä–≥–µ",1
"–ö—É—Ä—Å –æ—Ç–ª–∏—á–Ω—ã–π, –º–Ω–æ–≥–æ –ø–æ–ª–µ–∑–Ω–æ–≥–æ –∏ –ø—Ä–∞–∫—Ç–∏–∫–∏",1
"–ú—É–∑—ã–∫–∞ —Å–ª–∞–±—ã–π, –Ω–µ–≤–æ–∑–º–æ–∂–Ω–æ —Å–ª—É—à–∞—Ç—å",0
"–ö—É—Ä—Å –∫–ª–∞—Å—Å–Ω—ã–π, –º–Ω–æ–≥–æ –ø–æ–ª–µ–∑–Ω–æ–≥–æ –∏ –ø—Ä–∞–∫—Ç–∏–∫–∏",1
"–ü–æ–¥–¥–µ—Ä–∂–∫–∞ —Å–ª–∞–±—ã–π, –Ω–∏—á–µ–≥–æ –Ω–µ —Ä–µ—à–∏–ª–∏",0
"–°–µ—Ä–≤–∏—Å –Ω–∞–¥–µ–∂–Ω—ã–π, –≤—Å—ë –ø–æ–Ω—Ä–∞–≤–∏–ª–æ—Å—å",1
"–§–∏–ª—å–º –∫–ª–∞—Å—Å–Ω—ã–π –∏ –∞–∫–∫—É—Ä–∞—Ç–Ω—ã–π, —è –≤ –≤–æ—Å—Ç–æ—Ä–≥–µ",1
"–û–ø—ã—Ç –∑–∞–º–µ—á–∞—Ç–µ–ª—å–Ω—ã–π, –æ—Å—Ç–∞–ª–∏—Å—å —Ç–æ–ª—å–∫–æ —Ö–æ—Ä–æ—à–∏–µ –≤–ø–µ—á–∞—Ç–ª–µ–Ω–∏—è",1
"–ü–ª–æ—Ö–æ, –≤—Å—ë –≥—Ä—è–∑–Ω—ã–π!",0
"–û–ø—ã—Ç –∞–∫–∫—É—Ä–∞—Ç–Ω—ã–π, –æ—Å—Ç–∞–ª–∏—Å—å —Ç–æ–ª—å–∫–æ —Ö–æ—Ä–æ—à–∏–µ –≤–ø–µ—á–∞—Ç–ª–µ–Ω–∏—è",1
"–ö—É—Ä—Å –∫–ª–∞—Å—Å–Ω—ã–π, –º–Ω–æ–≥–æ –ø–æ–ª–µ–∑–Ω–æ–≥–æ –∏ –ø—Ä–∞–∫—Ç–∏–∫–∏",1
"–ö—É—Ä—Å –∫–ª–∞—Å—Å–Ω—ã–π, –º–Ω–æ–≥–æ –ø–æ–ª–µ–∑–Ω–æ–≥–æ –∏ –ø—Ä–∞–∫—Ç–∏–∫–∏",1
"–ü–ª–æ—Ö–æ, –≤—Å—ë –Ω–µ–∫–∞—á–µ—Å—Ç–≤–µ–Ω–Ω—ã–π!",0
"–î–æ—Å—Ç–∞–≤–∫–∞ –æ—Ç–≤—Ä–∞—Ç–∏—Ç–µ–ª—å–Ω—ã–π, –∫—É—Ä—å–µ—Ä –æ–ø–æ–∑–¥–∞–ª",0
"–ü–ª–æ—Ö–æ, –≤—Å—ë —Å–ª–∞–±—ã–π!",0
"–î–æ—Å—Ç–∞–≤–∫–∞ –º–µ–¥–ª–µ–Ω–Ω—ã–π, –∫—É—Ä—å–µ—Ä –æ–ø–æ–∑–¥–∞–ª",0
üëç –û—á–µ–Ω—å –ø–æ–Ω—Ä–∞–≤–∏–ª–æ—Å—å,1
"–û–ø—ã—Ç —Å–ª–∞–±—ã–π, –±–æ–ª—å—à–µ –Ω–µ –≤–µ—Ä–Ω—É—Å—å",0
"–†–µ—Å—Ç–æ—Ä–∞–Ω —Ö–æ—Ä–æ—à–∏–π, —Ö–æ—á—É –≤–µ—Ä–Ω—É—Ç—å—Å—è",1
"–î–æ—Å—Ç–∞–≤–∫–∞ –Ω–µ–∫–∞—á–µ—Å—Ç–≤–µ–Ω–Ω—ã–π, –∫—É—Ä—å–µ—Ä –æ–ø–æ–∑–¥–∞–ª",0
"–°–µ—Ä–≤–∏—Å –≤–æ—Å—Ö–∏—Ç–∏—Ç–µ–ª—å–Ω—ã–π, –≤—Å—ë –ø–æ–Ω—Ä–∞–≤–∏–ª–æ—Å—å",1
"–î–æ—Å—Ç–∞–≤–∫–∞ –º–µ–¥–ª–µ–Ω–Ω—ã–π, –∫—É—Ä—å–µ—Ä –æ–ø–æ–∑–¥–∞–ª",0
"–û—Ç–ª–∏—á–Ω–æ, –≤—Å—ë –∑–∞–º–µ—á–∞—Ç–µ–ª—å–Ω—ã–π!",1
"–¢–æ–≤–∞—Ä —Ö–æ—Ä–æ—à–∏–π, –ø–æ–ª–Ω–æ—Å—Ç—å—é —Å–æ–æ—Ç–≤–µ—Ç—Å—Ç–≤—É–µ—Ç –æ–ø–∏—Å–∞–Ω–∏—é",1
"–ü–ª–æ—Ö–æ, –≤—Å—ë –≥—Ä—è–∑–Ω—ã–π!",0
"–†–µ—Å—Ç–æ—Ä–∞–Ω –≥—Ä—É–±—ã–π, —Ä–∞–∑–æ—á–∞—Ä–æ–≤–∞–Ω–∞ –≤–∏–∑–∏—Ç–æ–º",0
üò° –°–æ–≤—Å–µ–º –Ω–µ –ø–æ–Ω—Ä–∞–≤–∏–ª–æ—Å—å,0
ü§¶ –°–æ–≤—Å–µ–º –Ω–µ –ø–æ–Ω—Ä–∞–≤–∏–ª–æ—Å—å,0
"–û—Ç–ª–∏—á–Ω–æ, –≤—Å—ë –∫–ª–∞—Å—Å–Ω—ã–π!",1
"–û—Ç–ª–∏—á–Ω–æ, –≤—Å—ë –∫–∞—á–µ—Å—Ç–≤–µ–Ω–Ω—ã–π!",1
"–ü—Ä–∏–ª–æ–∂–µ–Ω–∏–µ —Ö–æ—Ä–æ—à–∏–π, –ø–æ–ª—å–∑–æ–≤–∞—Ç—å—Å—è —É–¥–æ–±–Ω–æ",1
üëé –°–æ–≤—Å–µ–º –Ω–µ –ø–æ–Ω—Ä–∞–≤–∏–ª–æ—Å—å,0
"–¢–æ–≤–∞—Ä —É–∂–∞—Å–Ω—ã–π, –ø—Ä–∏—à—ë–ª —Å –¥–µ—Ñ–µ–∫—Ç–æ–º",0
"–ö–Ω–∏–≥–∞ –º–µ–¥–ª–µ–Ω–Ω—ã–π, —á–∏—Ç–∞—Ç—å —Å–ª–æ–∂–Ω–æ",0
"–û—Ç–ª–∏—á–Ω–æ, –≤—Å—ë –≤–æ—Å—Ö–∏—Ç–∏—Ç–µ–ª—å–Ω—ã–π!",1
"–ü—Ä–∏–ª–æ–∂–µ–Ω–∏–µ –ø–ª–æ—Ö–æ–π, –ø–æ—Å—Ç–æ—è–Ω–Ω–æ –≤—ã–ª–µ—Ç–∞–µ—Ç",0
"–ö–æ–º–∞–Ω–¥–∞ –∫–ª–∞—Å—Å–Ω—ã–π, –æ—Ç–ª–∏—á–Ω–∞—è —Ä–∞–±–æ—Ç–∞",1
"–ù–µ —Ä–µ–∫–æ–º–µ–Ω–¥—É—é, —Å–æ–≤—Å–µ–º –ø–ª–æ—Ö–æ",0
"–ö–Ω–∏–≥–∞ –ø–ª–æ—Ö–æ–π, —á–∏—Ç–∞—Ç—å —Å–ª–æ–∂–Ω–æ",0
"–ö—É—Ä—Å –Ω–µ–∫–∞—á–µ—Å—Ç–≤–µ–Ω–Ω—ã–π, –ø—É—Å—Ç–æ–π –∏ –±–µ—Å–ø–æ–ª–µ–∑–Ω—ã–π",0
"–î–æ—Å—Ç–∞–≤–∫–∞ –Ω–µ–∫–∞—á–µ—Å—Ç–≤–µ–Ω–Ω—ã–π, –∫—É—Ä—å–µ—Ä –æ–ø–æ–∑–¥–∞–ª",0
"–ü–ª–æ—Ö–æ, –≤—Å—ë —Å–ª–∞–±—ã–π!",0
"–¢–æ–≤–∞—Ä –Ω–µ–Ω–∞–¥–µ–∂–Ω—ã–π, –ø—Ä–∏—à—ë–ª —Å –¥–µ—Ñ–µ–∫—Ç–æ–º",0
"–ö–æ–º–∞–Ω–¥–∞ –∞–∫–∫—É—Ä–∞—Ç–Ω—ã–π, –æ—Ç–ª–∏—á–Ω–∞—è —Ä–∞–±–æ—Ç–∞",1
"–û—Ç–ª–∏—á–Ω–æ, –≤—Å—ë –∫–∞—á–µ—Å—Ç–≤–µ–Ω–Ω—ã–π!",1
"–û–ø—ã—Ç –≥—Ä—è–∑–Ω—ã–π, –±–æ–ª—å—à–µ –Ω–µ –≤–µ—Ä–Ω—É—Å—å",0
"–ö–æ–º–∞–Ω–¥–∞ —É–∂–∞—Å–Ω—ã–π, —Å–æ—Ä–≤–∞–ª–∞ —Å—Ä–æ–∫–∏",0
"–§–∏–ª—å–º –Ω–µ–∫–∞—á–µ—Å—Ç–≤–µ–Ω–Ω—ã–π, –∑—Ä—è –ø–æ—Ç—Ä–∞—Ç–∏–ª–∞ –≤—Ä–µ–º—è",0
"–°–µ—Ä–≤–∏—Å –Ω–µ–∫–∞—á–µ—Å—Ç–≤–µ–Ω–Ω—ã–π, –æ—Å—Ç–∞–ª–∞—Å—å –Ω–µ–¥–æ–≤–æ–ª—å–Ω–∞",0
"–°–µ—Ä–≤–∏—Å –ø—Ä–µ–∫—Ä–∞—Å–Ω—ã–π, –≤—Å—ë –ø–æ–Ω—Ä–∞–≤–∏–ª–æ—Å—å",1
"–ü–æ–¥–¥–µ—Ä–∂–∫–∞ –Ω–µ–∫–∞—á–µ—Å—Ç–≤–µ–Ω–Ω—ã–π, –Ω–∏—á–µ–≥–æ –Ω–µ —Ä–µ—à–∏–ª–∏",0
"–î–æ—Å—Ç–∞–≤–∫–∞ –≥—Ä—è–∑–Ω—ã–π, –∫—É—Ä—å–µ—Ä –æ–ø–æ–∑–¥–∞–ª",0
"–ö—É—Ä—Å –ø—Ä–µ–∫—Ä–∞—Å–Ω—ã–π, –º–Ω–æ–≥–æ –ø–æ–ª–µ–∑–Ω–æ–≥–æ –∏ –ø—Ä–∞–∫—Ç–∏–∫–∏",1
"–ú—É–∑—ã–∫–∞ —Å–∫—É—á–Ω—ã–π, –Ω–µ–≤–æ–∑–º–æ–∂–Ω–æ —Å–ª—É—à–∞—Ç—å",0
"–ü—Ä–∏–ª–æ–∂–µ–Ω–∏–µ –ø—Ä–µ–∫—Ä–∞—Å–Ω—ã–π, –ø–æ–ª—å–∑–æ–≤–∞—Ç—å—Å—è —É–¥–æ–±–Ω–æ",1
"–ú—É–∑—ã–∫–∞ –∫–∞—á–µ—Å—Ç–≤–µ–Ω–Ω—ã–π, —Å–ª—É—à–∞—é —Å —É–¥–æ–≤–æ–ª—å—Å—Ç–≤–∏–µ–º",1
"–ö–Ω–∏–≥–∞ –≥—Ä—è–∑–Ω—ã–π, —á–∏—Ç–∞—Ç—å —Å–ª–æ–∂–Ω–æ",0
"–î–æ—Å—Ç–∞–≤–∫–∞ –±—ã—Å—Ç—Ä—ã–π, –ø—Ä–∏—à–ª–æ –≤–æ–≤—Ä–µ–º—è",1
"–ü–æ–¥–¥–µ—Ä–∂–∫–∞ —Ö–æ—Ä–æ—à–∏–π, –ø—Ä–æ–±–ª–µ–º—É —Ä–µ—à–∏–ª–∏ –±—ã—Å—Ç—Ä–æ",1
"–°–µ—Ä–≤–∏—Å –ø—Ä–µ–∫—Ä–∞—Å–Ω—ã–π, –≤—Å—ë –ø–æ–Ω—Ä–∞–≤–∏–ª–æ—Å—å",1
ü§¶ –°–æ–≤—Å–µ–º –Ω–µ –ø–æ–Ω—Ä–∞–≤–∏–ª–æ—Å—å,0
"–ö–Ω–∏–≥–∞ —É–∂–∞—Å–Ω—ã–π, —á–∏—Ç–∞—Ç—å —Å–ª–æ–∂–Ω–æ",0
"–¢–æ–≤–∞—Ä –≤–æ—Å—Ö–∏—Ç–∏—Ç–µ–ª—å–Ω—ã–π, –ø–æ–ª–Ω–æ—Å—Ç—å—é —Å–æ–æ—Ç–≤–µ—Ç—Å—Ç–≤—É–µ—Ç –æ–ø–∏—Å–∞–Ω–∏—é",1
"–¢–æ–≤–∞—Ä —É–∂–∞—Å–Ω—ã–π, –ø—Ä–∏—à—ë–ª —Å –¥–µ—Ñ–µ–∫—Ç–æ–º",0
"–ü–æ–¥–¥–µ—Ä–∂–∫–∞ –±—ã—Å—Ç—Ä—ã–π, –ø—Ä–æ–±–ª–µ–º—É —Ä–µ—à–∏–ª–∏ –±—ã—Å—Ç—Ä–æ",1
"–§–∏–ª—å–º –Ω–µ–∫–∞—á–µ—Å—Ç–≤–µ–Ω–Ω—ã–π, –∑—Ä—è –ø–æ—Ç—Ä–∞—Ç–∏–ª–∞ –≤—Ä–µ–º—è",0
"–†–µ—Å—Ç–æ—Ä–∞–Ω –≤–æ—Å—Ö–∏—Ç–∏—Ç–µ–ª—å–Ω—ã–π, —Ö–æ—á—É –≤–µ—Ä–Ω—É—Ç—å—Å—è",1
"–ü–æ–¥–¥–µ—Ä–∂–∫–∞ –Ω–∞–¥–µ–∂–Ω—ã–π, –ø—Ä–æ–±–ª–µ–º—É —Ä–µ—à–∏–ª–∏ –±—ã—Å—Ç—Ä–æ",1
"–ü—Ä–∏–ª–æ–∂–µ–Ω–∏–µ –Ω–µ–Ω–∞–¥–µ–∂–Ω—ã–π, –ø–æ—Å—Ç–æ—è–Ω–Ω–æ –≤—ã–ª–µ—Ç–∞–µ—Ç",0
"–ö—É—Ä—Å –∑–∞–º–µ—á–∞—Ç–µ–ª—å–Ω—ã–π, –º–Ω–æ–≥–æ –ø–æ–ª–µ–∑–Ω–æ–≥–æ –∏ –ø—Ä–∞–∫—Ç–∏–∫–∏",1
"–ö–Ω–∏–≥–∞ –≤–æ—Å—Ö–∏—Ç–∏—Ç–µ–ª—å–Ω—ã–π, —Ä–µ–∫–æ–º–µ–Ω–¥—É—é –¥—Ä—É–∑—å—è–º",1
"–ü–æ–¥–¥–µ—Ä–∂–∫–∞ –∫–ª–∞—Å—Å–Ω—ã–π, –ø—Ä–æ–±–ª–µ–º—É —Ä–µ—à–∏–ª–∏ –±—ã—Å—Ç—Ä–æ",1
"–ú—É–∑—ã–∫–∞ —Å–ª–∞–±—ã–π, –Ω–µ–≤–æ–∑–º–æ–∂–Ω–æ —Å–ª—É—à–∞—Ç—å",0
"–§–∏–ª—å–º –∞–∫–∫—É—Ä–∞—Ç–Ω—ã–π –∏ –ø—Ä–µ–∫—Ä–∞—Å–Ω—ã–π, —è –≤ –≤–æ—Å—Ç–æ—Ä–≥–µ",1
"–ö–Ω–∏–≥–∞ –∑–∞–º–µ—á–∞—Ç–µ–ª—å–Ω—ã–π, —Ä–µ–∫–æ–º–µ–Ω–¥—É—é –¥—Ä—É–∑—å—è–º",1
"–¢–æ–≤–∞—Ä –∫–ª–∞—Å—Å–Ω—ã–π, –ø–æ–ª–Ω–æ—Å—Ç—å—é —Å–æ–æ—Ç–≤–µ—Ç—Å—Ç–≤—É–µ—Ç –æ–ø–∏—Å–∞–Ω–∏—é",1
"–ö–æ–º–∞–Ω–¥–∞ –Ω–∞–¥–µ–∂–Ω—ã–π, –æ—Ç–ª–∏—á–Ω–∞—è —Ä–∞–±–æ—Ç–∞",1
"–†–µ—Å—Ç–æ—Ä–∞–Ω –ø—Ä–µ–∫—Ä–∞—Å–Ω—ã–π, —Ö–æ—á—É –≤–µ—Ä–Ω—É—Ç—å—Å—è",1
"–ö–Ω–∏–≥–∞ –æ—Ç–ª–∏—á–Ω—ã–π, —Ä–µ–∫–æ–º–µ–Ω–¥—É—é –¥—Ä—É–∑—å—è–º",1
"–°–µ—Ä–≤–∏—Å –Ω–µ–∫–∞—á–µ—Å—Ç–≤–µ–Ω–Ω—ã–π, –æ—Å—Ç–∞–ª–∞—Å—å –Ω–µ–¥–æ–≤–æ–ª—å–Ω–∞",0
"–î–æ—Å—Ç–∞–≤–∫–∞ –º–µ–¥–ª–µ–Ω–Ω—ã–π, –∫—É—Ä—å–µ—Ä –æ–ø–æ–∑–¥–∞–ª",0
"–ü–ª–æ—Ö–æ, –≤—Å—ë —Å–∫—É—á–Ω—ã–π!",0
"–ü–æ–¥–¥–µ—Ä–∂–∫–∞ –æ—Ç–≤—Ä–∞—Ç–∏—Ç–µ–ª—å–Ω—ã–π, –Ω–∏—á–µ–≥–æ –Ω–µ —Ä–µ—à–∏–ª–∏",0
üëé –°–æ–≤—Å–µ–º –Ω–µ –ø–æ–Ω—Ä–∞–≤–∏–ª–æ—Å—å,0
"–û–ø—ã—Ç –∞–∫–∫—É—Ä–∞—Ç–Ω—ã–π, –æ—Å—Ç–∞–ª–∏—Å—å —Ç–æ–ª—å–∫–æ —Ö–æ—Ä–æ—à–∏–µ –≤–ø–µ—á–∞—Ç–ª–µ–Ω–∏—è",1
"–†–µ—Å—Ç–æ—Ä–∞–Ω —Å–ª–∞–±—ã–π, —Ä–∞–∑–æ—á–∞—Ä–æ–≤–∞–Ω–∞ –≤–∏–∑–∏—Ç–æ–º",0
"–°–µ—Ä–≤–∏—Å –≥—Ä—è–∑–Ω—ã–π, –æ—Å—Ç–∞–ª–∞—Å—å –Ω–µ–¥–æ–≤–æ–ª—å–Ω–∞",0
"–†–µ—Å—Ç–æ—Ä–∞–Ω –∑–∞–º–µ—á–∞—Ç–µ–ª—å–Ω—ã–π, —Ö–æ—á—É –≤–µ—Ä–Ω—É—Ç—å—Å—è",1
"–†–µ—Å—Ç–æ—Ä–∞–Ω –Ω–µ–Ω–∞–¥–µ–∂–Ω—ã–π, —Ä–∞–∑–æ—á–∞—Ä–æ–≤–∞–Ω–∞ –≤–∏–∑–∏—Ç–æ–º",0
"–ü–æ–¥–¥–µ—Ä–∂–∫–∞ –º–µ–¥–ª–µ–Ω–Ω—ã–π, –Ω–∏—á–µ–≥–æ –Ω–µ —Ä–µ—à–∏–ª–∏",0
"–î–æ—Å—Ç–∞–≤–∫–∞ —É–∂–∞—Å–Ω—ã–π, –∫—É—Ä—å–µ—Ä –æ–ø–æ–∑–¥–∞–ª",0
"–û—Ç–ª–∏—á–Ω–æ, –≤—Å—ë –ø—Ä–µ–∫—Ä–∞—Å–Ω—ã–π!",1
"–ö—É—Ä—Å –Ω–∞–¥–µ–∂–Ω—ã–π, –º–Ω–æ–≥–æ –ø–æ–ª–µ–∑–Ω–æ–≥–æ –∏ –ø—Ä–∞–∫—Ç–∏–∫–∏",1
"–¢–æ–≤–∞—Ä —Å–∫—É—á–Ω—ã–π, –ø—Ä–∏—à—ë–ª —Å –¥–µ—Ñ–µ–∫—Ç–æ–º",0
"–ö–æ–º–∞–Ω–¥–∞ –≤–æ—Å—Ö–∏—Ç–∏—Ç–µ–ª—å–Ω—ã–π, –æ—Ç–ª–∏—á–Ω–∞—è —Ä–∞–±–æ—Ç–∞",1
"–ü–ª–æ—Ö–æ, –≤—Å—ë –≥—Ä—É–±—ã–π!",0
"–¢–æ–≤–∞—Ä —É–∂–∞—Å–Ω—ã–π, –ø—Ä–∏—à—ë–ª —Å –¥–µ—Ñ–µ–∫—Ç–æ–º",0
"–¢–æ–≤–∞—Ä –æ—Ç–ª–∏—á–Ω—ã–π, –ø–æ–ª–Ω–æ—Å—Ç—å—é —Å–æ–æ—Ç–≤–µ—Ç—Å—Ç–≤—É–µ—Ç –æ–ø–∏—Å–∞–Ω–∏—é",1
"–ö–Ω–∏–≥–∞ –∫–ª–∞—Å—Å–Ω—ã–π, —Ä–µ–∫–æ–º–µ–Ω–¥—É—é –¥—Ä—É–∑—å—è–º",1
ü§¶ –°–æ–≤—Å–µ–º –Ω–µ –ø–æ–Ω—Ä–∞–≤–∏–ª–æ—Å—å,0
"–ü–ª–æ—Ö–æ, –≤—Å—ë –æ—Ç–≤—Ä–∞—Ç–∏—Ç–µ–ª—å–Ω—ã–π!",0
"–ö–Ω–∏–≥–∞ –≤–æ—Å—Ö–∏—Ç–∏—Ç–µ–ª—å–Ω—ã–π, —Ä–µ–∫–æ–º–µ–Ω–¥—É—é –¥—Ä—É–∑—å—è–º",1
"–î–æ—Å—Ç–∞–≤–∫–∞ –Ω–∞–¥–µ–∂–Ω—ã–π, –ø—Ä–∏—à–ª–æ –≤–æ–≤—Ä–µ–º—è",1
"–†–µ—Å—Ç–æ—Ä–∞–Ω —Ö–æ—Ä–æ—à–∏–π, —Ö–æ—á—É –≤–µ—Ä–Ω—É—Ç—å—Å—è",1
"–û—Ç–ª–∏—á–Ω–æ, –≤—Å—ë –≤–æ—Å—Ö–∏—Ç–∏—Ç–µ–ª—å–Ω—ã–π!",1
"–û—Ç–ª–∏—á–Ω–æ, –≤—Å—ë —Ö–æ—Ä–æ—à–∏–π!",1
"–ö–Ω–∏–≥–∞ –º–µ–¥–ª–µ–Ω–Ω—ã–π, —á–∏—Ç–∞—Ç—å —Å–ª–æ–∂–Ω–æ",0
"–ö–æ–º–∞–Ω–¥–∞ –≥—Ä—É–±—ã–π, —Å–æ—Ä–≤–∞–ª–∞ —Å—Ä–æ–∫–∏",0
"–ü—Ä–∏–ª–æ–∂–µ–Ω–∏–µ –≥—Ä—è–∑–Ω—ã–π, –ø–æ—Å—Ç–æ—è–Ω–Ω–æ –≤—ã–ª–µ—Ç–∞–µ—Ç",0
"–û—Ç–ª–∏—á–Ω–æ, –≤—Å—ë –∑–∞–º–µ—á–∞—Ç–µ–ª—å–Ω—ã–π!",1
"–ü—Ä–∏–ª–æ–∂–µ–Ω–∏–µ –æ—Ç–≤—Ä–∞—Ç–∏—Ç–µ–ª—å–Ω—ã–π, –ø–æ—Å—Ç–æ—è–Ω–Ω–æ –≤—ã–ª–µ—Ç–∞–µ—Ç",0
üíØ –û—á–µ–Ω—å –ø–æ–Ω—Ä–∞–≤–∏–ª–æ—Å—å,1
"–ü—Ä–∏–ª–æ–∂–µ–Ω–∏–µ –æ—Ç–ª–∏—á–Ω—ã–π, –ø–æ–ª—å–∑–æ–≤–∞—Ç—å—Å—è —É–¥–æ–±–Ω–æ",1
"–î–æ—Å—Ç–∞–≤–∫–∞ –±—ã—Å—Ç—Ä—ã–π, –ø—Ä–∏—à–ª–æ –≤–æ–≤—Ä–µ–º—è",1
"–§–∏–ª—å–º –∫–∞—á–µ—Å—Ç–≤–µ–Ω–Ω—ã–π –∏ –∑–∞–º–µ—á–∞—Ç–µ–ª—å–Ω—ã–π, —è –≤ –≤–æ—Å—Ç–æ—Ä–≥–µ",1
"–ü–æ–¥–¥–µ—Ä–∂–∫–∞ –∫–∞—á–µ—Å—Ç–≤–µ–Ω–Ω—ã–π, –ø—Ä–æ–±–ª–µ–º—É —Ä–µ—à–∏–ª–∏ –±—ã—Å—Ç—Ä–æ",1
"–§–∏–ª—å–º –Ω–µ–Ω–∞–¥–µ–∂–Ω—ã–π, –∑—Ä—è –ø–æ—Ç—Ä–∞—Ç–∏–ª–∞ –≤—Ä–µ–º—è",0
"–ü–ª–æ—Ö–æ, –≤—Å—ë –≥—Ä—É–±—ã–π!",0
"–ü–æ–¥–¥–µ—Ä–∂–∫–∞ –≥—Ä—è–∑–Ω—ã–π, –Ω–∏—á–µ–≥–æ –Ω–µ —Ä–µ—à–∏–ª–∏",0
"–ú—É–∑—ã–∫–∞ –∫–∞—á–µ—Å—Ç–≤–µ–Ω–Ω—ã–π, —Å–ª—É—à–∞—é —Å —É–¥–æ–≤–æ–ª—å—Å—Ç–≤–∏–µ–º",1
"–ö–æ–º–∞–Ω–¥–∞ –Ω–µ–∫–∞—á–µ—Å—Ç–≤–µ–Ω–Ω—ã–π, —Å–æ—Ä–≤–∞–ª–∞ —Å—Ä–æ–∫–∏",0
"–°–æ–≤—Å–µ–º –Ω–µ —Ä–∞–∑–æ—á–∞—Ä–æ–≤–∞–Ω–∞, —Ç–æ–ª—å–∫–æ —Ä–∞–¥–æ—Å—Ç—å",1
"–°–µ—Ä–≤–∏—Å –∫–∞—á–µ—Å—Ç–≤–µ–Ω–Ω—ã–π, –≤—Å—ë –ø–æ–Ω—Ä–∞–≤–∏–ª–æ—Å—å",1
"–†–µ—Å—Ç–æ—Ä–∞–Ω –º–µ–¥–ª–µ–Ω–Ω—ã–π, —Ä–∞–∑–æ—á–∞—Ä–æ–≤–∞–Ω–∞ –≤–∏–∑–∏—Ç–æ–º",0
"–ü–æ–¥–¥–µ—Ä–∂–∫–∞ –ø—Ä–µ–∫—Ä–∞—Å–Ω—ã–π, –ø—Ä–æ–±–ª–µ–º—É —Ä–µ—à–∏–ª–∏ –±—ã—Å—Ç—Ä–æ",1
"–°–µ—Ä–≤–∏—Å –æ—Ç–ª–∏—á–Ω—ã–π, –≤—Å—ë –ø–æ–Ω—Ä–∞–≤–∏–ª–æ—Å—å",1
"–§–∏–ª—å–º –ø—Ä–µ–∫—Ä–∞—Å–Ω—ã–π –∏ –æ—Ç–ª–∏—á–Ω—ã–π, —è –≤ –≤–æ—Å—Ç–æ—Ä–≥–µ",1
ü•≥ –û—á–µ–Ω—å –ø–æ–Ω—Ä–∞–≤–∏–ª–æ—Å—å,1
"–û—Ç–ª–∏—á–Ω–æ, –≤—Å—ë –±—ã—Å—Ç—Ä—ã–π!",1
"–ö–æ–º–∞–Ω–¥–∞ –æ—Ç–ª–∏—á–Ω—ã–π, –æ—Ç–ª–∏—á–Ω–∞—è —Ä–∞–±–æ—Ç–∞",1
"–ü–æ–¥–¥–µ—Ä–∂–∫–∞ –Ω–µ–Ω–∞–¥–µ–∂–Ω—ã–π, –Ω–∏—á–µ–≥–æ –Ω–µ —Ä–µ—à–∏–ª–∏",0
"–ö—É—Ä—Å –Ω–µ–Ω–∞–¥–µ–∂–Ω—ã–π, –ø—É—Å—Ç–æ–π –∏ –±–µ—Å–ø–æ–ª–µ–∑–Ω—ã–π",0
"–§–∏–ª—å–º –≥—Ä—É–±—ã–π, –∑—Ä—è –ø–æ—Ç—Ä–∞—Ç–∏–ª–∞ –≤—Ä–µ–º—è",0
"–û–ø—ã—Ç –æ—Ç–≤—Ä–∞—Ç–∏—Ç–µ–ª—å–Ω—ã–π, –±–æ–ª—å—à–µ –Ω–µ –≤–µ—Ä–Ω—É—Å—å",0
‚ú® –û—á–µ–Ω—å –ø–æ–Ω—Ä–∞–≤–∏–ª–æ—Å—å,1
"–§–∏–ª—å–º –æ—Ç–≤—Ä–∞—Ç–∏—Ç–µ–ª—å–Ω—ã–π, –∑—Ä—è –ø–æ—Ç—Ä–∞—Ç–∏–ª–∞ –≤—Ä–µ–º—è",0
"–ö—É—Ä—Å –Ω–µ–∫–∞—á–µ—Å—Ç–≤–µ–Ω–Ω—ã–π, –ø—É—Å—Ç–æ–π –∏ –±–µ—Å–ø–æ–ª–µ–∑–Ω—ã–π",0
"–¢–æ–≤–∞—Ä –ø—Ä–µ–∫—Ä–∞—Å–Ω—ã–π, –ø–æ–ª–Ω–æ—Å—Ç—å—é —Å–æ–æ—Ç–≤–µ—Ç—Å—Ç–≤—É–µ—Ç –æ–ø–∏—Å–∞–Ω–∏—é",1
"–î–æ—Å—Ç–∞–≤–∫–∞ –∞–∫–∫—É—Ä–∞—Ç–Ω—ã–π, –ø—Ä–∏—à–ª–æ –≤–æ–≤—Ä–µ–º—è",1
"–î–æ—Å—Ç–∞–≤–∫–∞ –∫–ª–∞—Å—Å–Ω—ã–π, –ø—Ä–∏—à–ª–æ –≤–æ–≤—Ä–µ–º—è",1
"–î–æ—Å—Ç–∞–≤–∫–∞ —Å–∫—É—á–Ω—ã–π, –∫—É—Ä—å–µ—Ä –æ–ø–æ–∑–¥–∞–ª",0
"–°–µ—Ä–≤–∏—Å —Å–ª–∞–±—ã–π, –æ—Å—Ç–∞–ª–∞—Å—å –Ω–µ–¥–æ–≤–æ–ª—å–Ω–∞",0
"–û–ø—ã—Ç –∞–∫–∫—É—Ä–∞—Ç–Ω—ã–π, –æ—Å—Ç–∞–ª–∏—Å—å —Ç–æ–ª—å–∫–æ —Ö–æ—Ä–æ—à–∏–µ –≤–ø–µ—á–∞—Ç–ª–µ–Ω–∏—è",1
"–¢–æ–≤–∞—Ä —Å–ª–∞–±—ã–π, –ø—Ä–∏—à—ë–ª —Å –¥–µ—Ñ–µ–∫—Ç–æ–º",0
"–ú—É–∑—ã–∫–∞ –≥—Ä—É–±—ã–π, –Ω–µ–≤–æ–∑–º–æ–∂–Ω–æ —Å–ª—É—à–∞—Ç—å",0
"–û–ø—ã—Ç –ø—Ä–µ–∫—Ä–∞—Å–Ω—ã–π, –æ—Å—Ç–∞–ª–∏—Å—å —Ç–æ–ª—å–∫–æ —Ö–æ—Ä–æ—à–∏–µ –≤–ø–µ—á–∞—Ç–ª–µ–Ω–∏—è",1
"–°–µ—Ä–≤–∏—Å –æ—Ç–ª–∏—á–Ω—ã–π, –≤—Å—ë –ø–æ–Ω—Ä–∞–≤–∏–ª–æ—Å—å",1
üôÅ –°–æ–≤—Å–µ–º –Ω–µ –ø–æ–Ω—Ä–∞–≤–∏–ª–æ—Å—å,0
"–û–ø—ã—Ç –∑–∞–º–µ—á–∞—Ç–µ–ª—å–Ω—ã–π, –æ—Å—Ç–∞–ª–∏—Å—å —Ç–æ–ª—å–∫–æ —Ö–æ—Ä–æ—à–∏–µ –≤–ø–µ—á–∞—Ç–ª–µ–Ω–∏—è",1
"–§–∏–ª—å–º –∑–∞–º–µ—á–∞—Ç–µ–ª—å–Ω—ã–π –∏ –±—ã—Å—Ç—Ä—ã–π, —è –≤ –≤–æ—Å—Ç–æ—Ä–≥–µ",1
"–¢–æ–≤–∞—Ä –æ—Ç–≤—Ä–∞—Ç–∏—Ç–µ–ª—å–Ω—ã–π, –ø—Ä–∏—à—ë–ª —Å –¥–µ—Ñ–µ–∫—Ç–æ–º",0
"–ö–Ω–∏–≥–∞ –æ—Ç–≤—Ä–∞—Ç–∏—Ç–µ–ª—å–Ω—ã–π, —á–∏—Ç–∞—Ç—å —Å–ª–æ–∂–Ω–æ",0
"–ö–æ–º–∞–Ω–¥–∞ –∫–ª–∞—Å—Å–Ω—ã–π, –æ—Ç–ª–∏—á–Ω–∞—è —Ä–∞–±–æ—Ç–∞",1
üò° –°–æ–≤—Å–µ–º –Ω–µ –ø–æ–Ω—Ä–∞–≤–∏–ª–æ—Å—å,0
üò° –°–æ–≤—Å–µ–º –Ω–µ –ø–æ–Ω—Ä–∞–≤–∏–ª–æ—Å—å,0
"–§–∏–ª—å–º —Ö–æ—Ä–æ—à–∏–π –∏ –Ω–∞–¥–µ–∂–Ω—ã–π, —è –≤ –≤–æ—Å—Ç–æ—Ä–≥–µ",1
"–ù–µ –æ–∂–∏–¥–∞–ª–∞, —á—Ç–æ –±—É–¥–µ—Ç —Ç–∞–∫ —Ö–æ—Ä–æ—à–æ",1
ü•≥ –û—á–µ–Ω—å –ø–æ–Ω—Ä–∞–≤–∏–ª–æ—Å—å,1
"–¢–æ–≤–∞—Ä –≥—Ä—É–±—ã–π, –ø—Ä–∏—à—ë–ª —Å –¥–µ—Ñ–µ–∫—Ç–æ–º",0
"–ü–æ–¥–¥–µ—Ä–∂–∫–∞ –ø–ª–æ—Ö–æ–π, –Ω–∏—á–µ–≥–æ –Ω–µ —Ä–µ—à–∏–ª–∏",0
"–ö–æ–º–∞–Ω–¥–∞ –≥—Ä—É–±—ã–π, —Å–æ—Ä–≤–∞–ª–∞ —Å—Ä–æ–∫–∏",0
üëç –û—á–µ–Ω—å –ø–æ–Ω—Ä–∞–≤–∏–ª–æ—Å—å,1
"–°–µ—Ä–≤–∏—Å –≤–æ—Å—Ö–∏—Ç–∏—Ç–µ–ª—å–Ω—ã–π, –≤—Å—ë –ø–æ–Ω—Ä–∞–≤–∏–ª–æ—Å—å",1
"–ü–ª–æ—Ö–æ, –≤—Å—ë –º–µ–¥–ª–µ–Ω–Ω—ã–π!",0
"–°–µ—Ä–≤–∏—Å –ø—Ä–µ–∫—Ä–∞—Å–Ω—ã–π, –≤—Å—ë –ø–æ–Ω—Ä–∞–≤–∏–ª–æ—Å—å",1
"–î–æ—Å—Ç–∞–≤–∫–∞ –æ—Ç–ª–∏—á–Ω—ã–π, –ø—Ä–∏—à–ª–æ –≤–æ–≤—Ä–µ–º—è",1
"–ü—Ä–∏–ª–æ–∂–µ–Ω–∏–µ –Ω–µ–∫–∞—á–µ—Å—Ç–≤–µ–Ω–Ω—ã–π, –ø–æ—Å—Ç–æ—è–Ω–Ω–æ –≤—ã–ª–µ—Ç–∞–µ—Ç",0
"–û—Ç–ª–∏—á–Ω–æ, –≤—Å—ë –≤–æ—Å—Ö–∏—Ç–∏—Ç–µ–ª—å–Ω—ã–π!",1
"–¢–æ–≤–∞—Ä —É–∂–∞—Å–Ω—ã–π, –ø—Ä–∏—à—ë–ª —Å –¥–µ—Ñ–µ–∫—Ç–æ–º",0
"–ö–Ω–∏–≥–∞ –∑–∞–º–µ—á–∞—Ç–µ–ª—å–Ω—ã–π, —Ä–µ–∫–æ–º–µ–Ω–¥—É—é –¥—Ä—É–∑—å—è–º",1
"–¢–æ–≤–∞—Ä –≥—Ä—É–±—ã–π, –ø—Ä–∏—à—ë–ª —Å –¥–µ—Ñ–µ–∫—Ç–æ–º",0
"–ü–æ–¥–¥–µ—Ä–∂–∫–∞ –∞–∫–∫—É—Ä–∞—Ç–Ω—ã–π, –ø—Ä–æ–±–ª–µ–º—É —Ä–µ—à–∏–ª–∏ –±—ã—Å—Ç—Ä–æ",1
"–°–µ—Ä–≤–∏—Å –≥—Ä—É–±—ã–π, –æ—Å—Ç–∞–ª–∞—Å—å –Ω–µ–¥–æ–≤–æ–ª—å–Ω–∞",0
"–§–∏–ª—å–º –∫–∞—á–µ—Å—Ç–≤–µ–Ω–Ω—ã–π –∏ –Ω–∞–¥–µ–∂–Ω—ã–π, —è –≤ –≤–æ—Å—Ç–æ—Ä–≥–µ",1
"–ü–ª–æ—Ö–æ, –≤—Å—ë –ø–ª–æ—Ö–æ–π!",0
"–ü–æ–¥–¥–µ—Ä–∂–∫–∞ –∞–∫–∫—É—Ä–∞—Ç–Ω—ã–π, –ø—Ä–æ–±–ª–µ–º—É —Ä–µ—à–∏–ª–∏ –±—ã—Å—Ç—Ä–æ",1
"–ö–Ω–∏–≥–∞ —É–∂–∞—Å–Ω—ã–π, —á–∏—Ç–∞—Ç—å —Å–ª–æ–∂–Ω–æ",0
"–ú—É–∑—ã–∫–∞ —É–∂–∞—Å–Ω—ã–π, –Ω–µ–≤–æ–∑–º–æ–∂–Ω–æ —Å–ª—É—à–∞—Ç—å",0
"–ü–ª–æ—Ö–æ, –≤—Å—ë —Å–∫—É—á–Ω—ã–π!",0
"–¢–æ–≤–∞—Ä —Ö–æ—Ä–æ—à–∏–π, –ø–æ–ª–Ω–æ—Å—Ç—å—é —Å–æ–æ—Ç–≤–µ—Ç—Å—Ç–≤—É–µ—Ç –æ–ø–∏—Å–∞–Ω–∏—é",1
"–î–æ—Å—Ç–∞–≤–∫–∞ –Ω–µ–∫–∞—á–µ—Å—Ç–≤–µ–Ω–Ω—ã–π, –∫—É—Ä—å–µ—Ä –æ–ø–æ–∑–¥–∞–ª",0
"–§–∏–ª—å–º –∫–∞—á–µ—Å—Ç–≤–µ–Ω–Ω—ã–π –∏ –ø—Ä–µ–∫—Ä–∞—Å–Ω—ã–π, —è –≤ –≤–æ—Å—Ç–æ—Ä–≥–µ",1
"–ü–æ–¥–¥–µ—Ä–∂–∫–∞ —Å–∫—É—á–Ω—ã–π, –Ω–∏—á–µ–≥–æ –Ω–µ —Ä–µ—à–∏–ª–∏",0
"–î–æ—Å—Ç–∞–≤–∫–∞ —É–∂–∞—Å–Ω—ã–π, –∫—É—Ä—å–µ—Ä –æ–ø–æ–∑–¥–∞–ª",0
üíØ –û—á–µ–Ω—å –ø–æ–Ω—Ä–∞–≤–∏–ª–æ—Å—å,1
"–°–µ—Ä–≤–∏—Å –Ω–µ–Ω–∞–¥–µ–∂–Ω—ã–π, –æ—Å—Ç–∞–ª–∞—Å—å –Ω–µ–¥–æ–≤–æ–ª—å–Ω–∞",0
"–û—Ç–ª–∏—á–Ω–æ, –≤—Å—ë –∞–∫–∫—É—Ä–∞—Ç–Ω—ã–π!",1
"–î–æ—Å—Ç–∞–≤–∫–∞ –∞–∫–∫—É—Ä–∞—Ç–Ω—ã–π, –ø—Ä–∏—à–ª–æ –≤–æ–≤—Ä–µ–º—è",1
"–û–ø—ã—Ç –±—ã—Å—Ç—Ä—ã–π, –æ—Å—Ç–∞–ª–∏—Å—å —Ç–æ–ª—å–∫–æ —Ö–æ—Ä–æ—à–∏–µ –≤–ø–µ—á–∞—Ç–ª–µ–Ω–∏—è",1
"–§–∏–ª—å–º –æ—Ç–≤—Ä–∞—Ç–∏—Ç–µ–ª—å–Ω—ã–π, –∑—Ä—è –ø–æ—Ç—Ä–∞—Ç–∏–ª–∞ –≤—Ä–µ–º—è",0
"–ü–æ–¥–¥–µ—Ä–∂–∫–∞ –≤–æ—Å—Ö–∏—Ç–∏—Ç–µ–ª—å–Ω—ã–π, –ø—Ä–æ–±–ª–µ–º—É —Ä–µ—à–∏–ª–∏ –±—ã—Å—Ç—Ä–æ",1
"–°–µ—Ä–≤–∏—Å –∞–∫–∫—É—Ä–∞—Ç–Ω—ã–π, –≤—Å—ë –ø–æ–Ω—Ä–∞–≤–∏–ª–æ—Å—å",1
"–†–µ—Å—Ç–æ—Ä–∞–Ω –Ω–µ–∫–∞—á–µ—Å—Ç–≤–µ–Ω–Ω—ã–π, —Ä–∞–∑–æ—á–∞—Ä–æ–≤–∞–Ω–∞ –≤–∏–∑–∏—Ç–æ–º",0
"–¢–æ–≤–∞—Ä —Å–ª–∞–±—ã–π, –ø—Ä–∏—à—ë–ª —Å –¥–µ—Ñ–µ–∫—Ç–æ–º",0
"–ú—É–∑—ã–∫–∞ –±—ã—Å—Ç—Ä—ã–π, —Å–ª—É—à–∞—é —Å —É–¥–æ–≤–æ–ª—å—Å—Ç–≤–∏–µ–º",1
"–°–µ—Ä–≤–∏—Å —Å–ª–∞–±—ã–π, –æ—Å—Ç–∞–ª–∞—Å—å –Ω–µ–¥–æ–≤–æ–ª—å–Ω–∞",0
"–ö–Ω–∏–≥–∞ –≥—Ä—É–±—ã–π, —á–∏—Ç–∞—Ç—å —Å–ª–æ–∂–Ω–æ",0
"–†–µ—Å—Ç–æ—Ä–∞–Ω –º–µ–¥–ª–µ–Ω–Ω—ã–π, —Ä–∞–∑–æ—á–∞—Ä–æ–≤–∞–Ω–∞ –≤–∏–∑–∏—Ç–æ–º",0
"–î–æ—Å—Ç–∞–≤–∫–∞ –æ—Ç–≤—Ä–∞—Ç–∏—Ç–µ–ª—å–Ω—ã–π, –∫—É—Ä—å–µ—Ä –æ–ø–æ–∑–¥–∞–ª",0
"–°–µ—Ä–≤–∏—Å –∑–∞–º–µ—á–∞—Ç–µ–ª—å–Ω—ã–π, –≤—Å—ë –ø–æ–Ω—Ä–∞–≤–∏–ª–æ—Å—å",1
"–î–æ—Å—Ç–∞–≤–∫–∞ –∫–ª–∞—Å—Å–Ω—ã–π, –ø—Ä–∏—à–ª–æ –≤–æ–≤—Ä–µ–º—è",1
"–¢–æ–≤–∞—Ä –∑–∞–º–µ—á–∞—Ç–µ–ª—å–Ω—ã–π, –ø–æ–ª–Ω–æ—Å—Ç—å—é —Å–æ–æ—Ç–≤–µ—Ç—Å—Ç–≤—É–µ—Ç –æ–ø–∏—Å–∞–Ω–∏—é",1
"–ü–æ–¥–¥–µ—Ä–∂–∫–∞ –∑–∞–º–µ—á–∞—Ç–µ–ª—å–Ω—ã–π, –ø—Ä–æ–±–ª–µ–º—É —Ä–µ—à–∏–ª–∏ –±—ã—Å—Ç—Ä–æ",1
"–ü—Ä–∏–ª–æ–∂–µ–Ω–∏–µ –Ω–µ–∫–∞—á–µ—Å—Ç–≤–µ–Ω–Ω—ã–π, –ø–æ—Å—Ç–æ—è–Ω–Ω–æ –≤—ã–ª–µ—Ç–∞–µ—Ç",0
"–ö–æ–º–∞–Ω–¥–∞ –≤–æ—Å—Ö–∏—Ç–∏—Ç–µ–ª—å–Ω—ã–π, –æ—Ç–ª–∏—á–Ω–∞—è —Ä–∞–±–æ—Ç–∞",1
"–ö–æ–º–∞–Ω–¥–∞ –≥—Ä—è–∑–Ω—ã–π, —Å–æ—Ä–≤–∞–ª–∞ —Å—Ä–æ–∫–∏",0
"–ü–æ–¥–¥–µ—Ä–∂–∫–∞ –≥—Ä—è–∑–Ω—ã–π, –Ω–∏—á–µ–≥–æ –Ω–µ —Ä–µ—à–∏–ª–∏",0
‚ú® –û—á–µ–Ω—å –ø–æ–Ω—Ä–∞–≤–∏–ª–æ—Å—å,1
"–§–∏–ª—å–º —Å–∫—É—á–Ω—ã–π, –∑—Ä—è –ø–æ—Ç—Ä–∞—Ç–∏–ª–∞ –≤—Ä–µ–º—è",0
"–î–æ—Å—Ç–∞–≤–∫–∞ –ø—Ä–µ–∫—Ä–∞—Å–Ω—ã–π, –ø—Ä–∏—à–ª–æ –≤–æ–≤—Ä–µ–º—è",1
"–ú—É–∑—ã–∫–∞ –≥—Ä—É–±—ã–π, –Ω–µ–≤–æ–∑–º–æ–∂–Ω–æ —Å–ª—É—à–∞—Ç—å",0
"–°–µ—Ä–≤–∏—Å –≥—Ä—è–∑–Ω—ã–π, –æ—Å—Ç–∞–ª–∞—Å—å –Ω–µ–¥–æ–≤–æ–ª—å–Ω–∞",0
"–ü–ª–æ—Ö–æ, –≤—Å—ë –º–µ–¥–ª–µ–Ω–Ω—ã–π!",0
ü§¶ –°–æ–≤—Å–µ–º –Ω–µ –ø–æ–Ω—Ä–∞–≤–∏–ª–æ—Å—å,0
"–ü–ª–æ—Ö–æ, –≤—Å—ë —Å–ª–∞–±—ã–π!",0
"–ú—É–∑—ã–∫–∞ –≥—Ä—É–±—ã–π, –Ω–µ–≤–æ–∑–º–æ–∂–Ω–æ —Å–ª—É—à–∞—Ç—å",0
"–ü—Ä–∏–ª–æ–∂–µ–Ω–∏–µ —Å–∫—É—á–Ω—ã–π, –ø–æ—Å—Ç–æ—è–Ω–Ω–æ –≤—ã–ª–µ—Ç–∞–µ—Ç",0
"–¢–æ–≤–∞—Ä —Ö–æ—Ä–æ—à–∏–π, –ø–æ–ª–Ω–æ—Å—Ç—å—é —Å–æ–æ—Ç–≤–µ—Ç—Å—Ç–≤—É–µ—Ç –æ–ø–∏—Å–∞–Ω–∏—é",1
ü§¶ –°–æ–≤—Å–µ–º –Ω–µ –ø–æ–Ω—Ä–∞–≤–∏–ª–æ—Å—å,0
"–î–æ—Å—Ç–∞–≤–∫–∞ –æ—Ç–ª–∏—á–Ω—ã–π, –ø—Ä–∏—à–ª–æ –≤–æ–≤—Ä–µ–º—è",1
"–ü—Ä–∏–ª–æ–∂–µ–Ω–∏–µ –∫–ª–∞—Å—Å–Ω—ã–π, –ø–æ–ª—å–∑–æ–≤–∞—Ç—å—Å—è —É–¥–æ–±–Ω–æ",1
üíØ –û—á–µ–Ω—å –ø–æ–Ω—Ä–∞–≤–∏–ª–æ—Å—å,1
"–ö—É—Ä—Å –∞–∫–∫—É—Ä–∞—Ç–Ω—ã–π, –º–Ω–æ–≥–æ –ø–æ–ª–µ–∑–Ω–æ–≥–æ –∏ –ø—Ä–∞–∫—Ç–∏–∫–∏",1
"–§–∏–ª—å–º –≥—Ä—è–∑–Ω—ã–π, –∑—Ä—è –ø–æ—Ç—Ä–∞—Ç–∏–ª–∞ –≤—Ä–µ–º—è",0
"–û–ø—ã—Ç –ø—Ä–µ–∫—Ä–∞—Å–Ω—ã–π, –æ—Å—Ç–∞–ª–∏—Å—å —Ç–æ–ª—å–∫–æ —Ö–æ—Ä–æ—à–∏–µ –≤–ø–µ—á–∞—Ç–ª–µ–Ω–∏—è",1
"–§–∏–ª—å–º –ø–ª–æ—Ö–æ–π, –∑—Ä—è –ø–æ—Ç—Ä–∞—Ç–∏–ª–∞ –≤—Ä–µ–º—è",0
"–î–æ—Å—Ç–∞–≤–∫–∞ —Å–ª–∞–±—ã–π, –∫—É—Ä—å–µ—Ä –æ–ø–æ–∑–¥–∞–ª",0
"–ö–æ–º–∞–Ω–¥–∞ –∞–∫–∫—É—Ä–∞—Ç–Ω—ã–π, –æ—Ç–ª–∏—á–Ω–∞—è —Ä–∞–±–æ—Ç–∞",1
"–¢–æ–≤–∞—Ä –Ω–µ–∫–∞—á–µ—Å—Ç–≤–µ–Ω–Ω—ã–π, –ø—Ä–∏—à—ë–ª —Å –¥–µ—Ñ–µ–∫—Ç–æ–º",0
–ù–∏—Å–∫–æ–ª—å–∫–æ –Ω–µ –ø–æ–Ω—Ä–∞–≤–∏–ª–æ—Å—å,0
"–ö–æ–º–∞–Ω–¥–∞ –Ω–µ–Ω–∞–¥–µ–∂–Ω—ã–π, —Å–æ—Ä–≤–∞–ª–∞ —Å—Ä–æ–∫–∏",0
"–¢–æ–≤–∞—Ä —Å–ª–∞–±—ã–π, –ø—Ä–∏—à—ë–ª —Å –¥–µ—Ñ–µ–∫—Ç–æ–º",0
"–ú—É–∑—ã–∫–∞ –≤–æ—Å—Ö–∏—Ç–∏—Ç–µ–ª—å–Ω—ã–π, —Å–ª—É—à–∞—é —Å —É–¥–æ–≤–æ–ª—å—Å—Ç–≤–∏–µ–º",1
"–ü—Ä–∏–ª–æ–∂–µ–Ω–∏–µ –∑–∞–º–µ—á–∞—Ç–µ–ª—å–Ω—ã–π, –ø–æ–ª—å–∑–æ–≤–∞—Ç—å—Å—è —É–¥–æ–±–Ω–æ",1
"–ö—É—Ä—Å –Ω–µ–Ω–∞–¥–µ–∂–Ω—ã–π, –ø—É—Å—Ç–æ–π –∏ –±–µ—Å–ø–æ–ª–µ–∑–Ω—ã–π",0
"–û–ø—ã—Ç –∫–ª–∞—Å—Å–Ω—ã–π, –æ—Å—Ç–∞–ª–∏—Å—å —Ç–æ–ª—å–∫–æ —Ö–æ—Ä–æ—à–∏–µ –≤–ø–µ—á–∞—Ç–ª–µ–Ω–∏—è",1
"–ú—É–∑—ã–∫–∞ –≥—Ä—è–∑–Ω—ã–π, –Ω–µ–≤–æ–∑–º–æ–∂–Ω–æ —Å–ª—É—à–∞—Ç—å",0
"–ö–æ–º–∞–Ω–¥–∞ –º–µ–¥–ª–µ–Ω–Ω—ã–π, —Å–æ—Ä–≤–∞–ª–∞ —Å—Ä–æ–∫–∏",0
"–¢–æ–≤–∞—Ä –≤–æ—Å—Ö–∏—Ç–∏—Ç–µ–ª—å–Ω—ã–π, –ø–æ–ª–Ω–æ—Å—Ç—å—é —Å–æ–æ—Ç–≤–µ—Ç—Å—Ç–≤—É–µ—Ç –æ–ø–∏—Å–∞–Ω–∏—é",1
"–î–æ—Å—Ç–∞–≤–∫–∞ –∞–∫–∫—É—Ä–∞—Ç–Ω—ã–π, –ø—Ä–∏—à–ª–æ –≤–æ–≤—Ä–µ–º—è",1
"–î–æ—Å—Ç–∞–≤–∫–∞ –ø–ª–æ—Ö–æ–π, –∫—É—Ä—å–µ—Ä –æ–ø–æ–∑–¥–∞–ª",0
"–ö—É—Ä—Å –Ω–∞–¥–µ–∂–Ω—ã–π, –º–Ω–æ–≥–æ –ø–æ–ª–µ–∑–Ω–æ–≥–æ –∏ –ø—Ä–∞–∫—Ç–∏–∫–∏",1
"–ö–æ–º–∞–Ω–¥–∞ –Ω–µ–∫–∞—á–µ—Å—Ç–≤–µ–Ω–Ω—ã–π, —Å–æ—Ä–≤–∞–ª–∞ —Å—Ä–æ–∫–∏",0
üòä –û—á–µ–Ω—å –ø–æ–Ω—Ä–∞–≤–∏–ª–æ—Å—å,1
üòä –û—á–µ–Ω—å –ø–æ–Ω—Ä–∞–≤–∏–ª–æ—Å—å,1
"–§–∏–ª—å–º –ø—Ä–µ–∫—Ä–∞—Å–Ω—ã–π –∏ –≤–æ—Å—Ö–∏—Ç–∏—Ç–µ–ª—å–Ω—ã–π, —è –≤ –≤–æ—Å—Ç–æ—Ä–≥–µ",1
"–ü—Ä–∏–ª–æ–∂–µ–Ω–∏–µ –æ—Ç–ª–∏—á–Ω—ã–π, –ø–æ–ª—å–∑–æ–≤–∞—Ç—å—Å—è —É–¥–æ–±–Ω–æ",1
"–û–ø—ã—Ç –ø–ª–æ—Ö–æ–π, –±–æ–ª—å—à–µ –Ω–µ –≤–µ—Ä–Ω—É—Å—å",0
"–ö–Ω–∏–≥–∞ –∫–ª–∞—Å—Å–Ω—ã–π, —Ä–µ–∫–æ–º–µ–Ω–¥—É—é –¥—Ä—É–∑—å—è–º",1
"–ú—É–∑—ã–∫–∞ —É–∂–∞—Å–Ω—ã–π, –Ω–µ–≤–æ–∑–º–æ–∂–Ω–æ —Å–ª—É—à–∞—Ç—å",0
"–°–µ—Ä–≤–∏—Å –ø—Ä–µ–∫—Ä–∞—Å–Ω—ã–π, –≤—Å—ë –ø–æ–Ω—Ä–∞–≤–∏–ª–æ—Å—å",1
"–û–ø—ã—Ç –∞–∫–∫—É—Ä–∞—Ç–Ω—ã–π, –æ—Å—Ç–∞–ª–∏—Å—å —Ç–æ–ª—å–∫–æ —Ö–æ—Ä–æ—à–∏–µ –≤–ø–µ—á–∞—Ç–ª–µ–Ω–∏—è",1
"–ö–æ–º–∞–Ω–¥–∞ –≥—Ä—É–±—ã–π, —Å–æ—Ä–≤–∞–ª–∞ —Å—Ä–æ–∫–∏",0
"–î–æ—Å—Ç–∞–≤–∫–∞ –ø—Ä–µ–∫—Ä–∞—Å–Ω—ã–π, –ø—Ä–∏—à–ª–æ –≤–æ–≤—Ä–µ–º—è",1
"–ü–æ–¥–¥–µ—Ä–∂–∫–∞ –º–µ–¥–ª–µ–Ω–Ω—ã–π, –Ω–∏—á–µ–≥–æ –Ω–µ —Ä–µ—à–∏–ª–∏",0
"–ü–æ–¥–¥–µ—Ä–∂–∫–∞ –æ—Ç–≤—Ä–∞—Ç–∏—Ç–µ–ª—å–Ω—ã–π, –Ω–∏—á–µ–≥–æ –Ω–µ —Ä–µ—à–∏–ª–∏",0
üòä –û—á–µ–Ω—å –ø–æ–Ω—Ä–∞–≤–∏–ª–æ—Å—å,1
"–ö–Ω–∏–≥–∞ –∞–∫–∫—É—Ä–∞—Ç–Ω—ã–π, —Ä–µ–∫–æ–º–µ–Ω–¥—É—é –¥—Ä—É–∑—å—è–º",1
"–ü–æ–¥–¥–µ—Ä–∂–∫–∞ –±—ã—Å—Ç—Ä—ã–π, –ø—Ä–æ–±–ª–µ–º—É —Ä–µ—à–∏–ª–∏ –±—ã—Å—Ç—Ä–æ",1
"–î–æ—Å—Ç–∞–≤–∫–∞ –º–µ–¥–ª–µ–Ω–Ω—ã–π, –∫—É—Ä—å–µ—Ä –æ–ø–æ–∑–¥–∞–ª",0
"–ü—Ä–∏–ª–æ–∂–µ–Ω–∏–µ –∫–ª–∞—Å—Å–Ω—ã–π, –ø–æ–ª—å–∑–æ–≤–∞—Ç—å—Å—è —É–¥–æ–±–Ω–æ",1
"–î–æ—Å—Ç–∞–≤–∫–∞ –∫–ª–∞—Å—Å–Ω—ã–π, –ø—Ä–∏—à–ª–æ –≤–æ–≤—Ä–µ–º—è",1
"–ü–ª–æ—Ö–æ, –≤—Å—ë –≥—Ä—è–∑–Ω—ã–π!",0
ü•≥ –û—á–µ–Ω—å –ø–æ–Ω—Ä–∞–≤–∏–ª–æ—Å—å,1
"–û–ø—ã—Ç –≤–æ—Å—Ö–∏—Ç–∏—Ç–µ–ª—å–Ω—ã–π, –æ—Å—Ç–∞–ª–∏—Å—å —Ç–æ–ª—å–∫–æ —Ö–æ—Ä–æ—à–∏–µ –≤–ø–µ—á–∞—Ç–ª–µ–Ω–∏—è",1
"–°–æ–≤—Å–µ–º –Ω–µ —Ç–æ, —á—Ç–æ –æ–±–µ—â–∞–ª–∏",0
"–ö–Ω–∏–≥–∞ –ø—Ä–µ–∫—Ä–∞—Å–Ω—ã–π, —Ä–µ–∫–æ–º–µ–Ω–¥—É—é –¥—Ä—É–∑—å—è–º",1
"–ù–∏–∫–∞–∫–æ–≥–æ —Ç–æ–ª–∫–∞, –∑—Ä—è –¥–µ–Ω—å–≥–∏",0
"–û–ø—ã—Ç –∫–ª–∞—Å—Å–Ω—ã–π, –æ—Å—Ç–∞–ª–∏—Å—å —Ç–æ–ª—å–∫–æ —Ö–æ—Ä–æ—à–∏–µ –≤–ø–µ—á–∞—Ç–ª–µ–Ω–∏—è",1
"–ü–æ–¥–¥–µ—Ä–∂–∫–∞ –Ω–µ–Ω–∞–¥–µ–∂–Ω—ã–π, –Ω–∏—á–µ–≥–æ –Ω–µ —Ä–µ—à–∏–ª–∏",0
"–ü—Ä–∏–ª–æ–∂–µ–Ω–∏–µ –∫–∞—á–µ—Å—Ç–≤–µ–Ω–Ω—ã–π, –ø–æ–ª—å–∑–æ–≤–∞—Ç—å—Å—è —É–¥–æ–±–Ω–æ",1
"–ü—Ä–∏–ª–æ–∂–µ–Ω–∏–µ –≥—Ä—è–∑–Ω—ã–π, –ø–æ—Å—Ç–æ—è–Ω–Ω–æ –≤—ã–ª–µ—Ç–∞–µ—Ç",0
"–ù–∏–∫–∞–∫–∏—Ö –ø—Ä–æ–±–ª–µ–º, –≤—Å—ë –æ—Ç–ª–∏—á–Ω–æ",1
"–ú—É–∑—ã–∫–∞ –æ—Ç–≤—Ä–∞—Ç–∏—Ç–µ–ª—å–Ω—ã–π, –Ω–µ–≤–æ–∑–º–æ–∂–Ω–æ —Å–ª—É—à–∞—Ç—å",0
"–ü—Ä–∏–ª–æ–∂–µ–Ω–∏–µ –º–µ–¥–ª–µ–Ω–Ω—ã–π, –ø–æ—Å—Ç–æ—è–Ω–Ω–æ –≤—ã–ª–µ—Ç–∞–µ—Ç",0
"–°–µ—Ä–≤–∏—Å —Ö–æ—Ä–æ—à–∏–π, –≤—Å—ë –ø–æ–Ω—Ä–∞–≤–∏–ª–æ—Å—å",1
"–ö—É—Ä—Å –∫–ª–∞—Å—Å–Ω—ã–π, –º–Ω–æ–≥–æ –ø–æ–ª–µ–∑–Ω–æ–≥–æ –∏ –ø—Ä–∞–∫—Ç–∏–∫–∏",1
"–°–µ—Ä–≤–∏—Å –º–µ–¥–ª–µ–Ω–Ω—ã–π, –æ—Å—Ç–∞–ª–∞—Å—å –Ω–µ–¥–æ–≤–æ–ª—å–Ω–∞",0
"–ú—É–∑—ã–∫–∞ –≥—Ä—è–∑–Ω—ã–π, –Ω–µ–≤–æ–∑–º–æ–∂–Ω–æ —Å–ª—É—à–∞—Ç—å",0
"–ö–Ω–∏–≥–∞ –∑–∞–º–µ—á–∞—Ç–µ–ª—å–Ω—ã–π, —Ä–µ–∫–æ–º–µ–Ω–¥—É—é –¥—Ä—É–∑—å—è–º",1
"–ö–æ–º–∞–Ω–¥–∞ –Ω–µ–Ω–∞–¥–µ–∂–Ω—ã–π, —Å–æ—Ä–≤–∞–ª–∞ —Å—Ä–æ–∫–∏",0
"–î–æ—Å—Ç–∞–≤–∫–∞ –≥—Ä—É–±—ã–π, –∫—É—Ä—å–µ—Ä –æ–ø–æ–∑–¥–∞–ª",0
"–†–µ—Å—Ç–æ—Ä–∞–Ω –ø—Ä–µ–∫—Ä–∞—Å–Ω—ã–π, —Ö–æ—á—É –≤–µ—Ä–Ω—É—Ç—å—Å—è",1
"–¢–æ–≤–∞—Ä –º–µ–¥–ª–µ–Ω–Ω—ã–π, –ø—Ä–∏—à—ë–ª —Å –¥–µ—Ñ–µ–∫—Ç–æ–º",0
–ù–∏—Å–∫–æ–ª—å–∫–æ –Ω–µ –∂–∞–ª–µ—é –æ –ø–æ–∫—É–ø–∫–µ,1
"–ú—É–∑—ã–∫–∞ –ø–ª–æ—Ö–æ–π, –Ω–µ–≤–æ–∑–º–æ–∂–Ω–æ —Å–ª—É—à–∞—Ç—å",0
"–§–∏–ª—å–º —Å–ª–∞–±—ã–π, –∑—Ä—è –ø–æ—Ç—Ä–∞—Ç–∏–ª–∞ –≤—Ä–µ–º—è",0
"–ö—É—Ä—Å —Ö–æ—Ä–æ—à–∏–π, –º–Ω–æ–≥–æ –ø–æ–ª–µ–∑–Ω–æ–≥–æ –∏ –ø—Ä–∞–∫—Ç–∏–∫–∏",1
"–î–æ—Å—Ç–∞–≤–∫–∞ –∫–ª–∞—Å—Å–Ω—ã–π, –ø—Ä–∏—à–ª–æ –≤–æ–≤—Ä–µ–º—è",1
"–ö–Ω–∏–≥–∞ —Å–ª–∞–±—ã–π, —á–∏—Ç–∞—Ç—å —Å–ª–æ–∂–Ω–æ",0
"–û–ø—ã—Ç –∞–∫–∫—É—Ä–∞—Ç–Ω—ã–π, –æ—Å—Ç–∞–ª–∏—Å—å —Ç–æ–ª—å–∫–æ —Ö–æ—Ä–æ—à–∏–µ –≤–ø–µ—á–∞—Ç–ª–µ–Ω–∏—è",1
"–ú—É–∑—ã–∫–∞ –ø–ª–æ—Ö–æ–π, –Ω–µ–≤–æ–∑–º–æ–∂–Ω–æ —Å–ª—É—à–∞—Ç—å",0
"–°–µ—Ä–≤–∏—Å –∫–ª–∞—Å—Å–Ω—ã–π, –≤—Å—ë –ø–æ–Ω—Ä–∞–≤–∏–ª–æ—Å—å",1
"–ü—Ä–∏–ª–æ–∂–µ–Ω–∏–µ –Ω–µ–∫–∞—á–µ—Å—Ç–≤–µ–Ω–Ω—ã–π, –ø–æ—Å—Ç–æ—è–Ω–Ω–æ –≤—ã–ª–µ—Ç–∞–µ—Ç",0
"–ü–ª–æ—Ö–æ, –≤—Å—ë —É–∂–∞—Å–Ω—ã–π!",0
"–ö–Ω–∏–≥–∞ –≤–æ—Å—Ö–∏—Ç–∏—Ç–µ–ª—å–Ω—ã–π, —Ä–µ–∫–æ–º–µ–Ω–¥—É—é –¥—Ä—É–∑—å—è–º",1
"–¢–æ–≤–∞—Ä —Å–ª–∞–±—ã–π, –ø—Ä–∏—à—ë–ª —Å –¥–µ—Ñ–µ–∫—Ç–æ–º",0
"–ö–Ω–∏–≥–∞ –ø—Ä–µ–∫—Ä–∞—Å–Ω—ã–π, —Ä–µ–∫–æ–º–µ–Ω–¥—É—é –¥—Ä—É–∑—å—è–º",1
"–†–µ—Å—Ç–æ—Ä–∞–Ω –∞–∫–∫—É—Ä–∞—Ç–Ω—ã–π, —Ö–æ—á—É –≤–µ—Ä–Ω—É—Ç—å—Å—è",1
"–ü–ª–æ—Ö–æ, –≤—Å—ë —É–∂–∞—Å–Ω—ã–π!",0
"–ü–æ–¥–¥–µ—Ä–∂–∫–∞ –≥—Ä—è–∑–Ω—ã–π, –Ω–∏—á–µ–≥–æ –Ω–µ —Ä–µ—à–∏–ª–∏",0
"–†–µ—Å—Ç–æ—Ä–∞–Ω –∫–∞—á–µ—Å—Ç–≤–µ–Ω–Ω—ã–π, —Ö–æ—á—É –≤–µ—Ä–Ω—É—Ç—å—Å—è",1
